variant,click_rate,treatment_size,se,lower_ci,upper_ci
baseline,0.225794665692364,5474,0.00565109387720597,0.214833759590793,0.236760138838144
variant_1,0.234563390573621,5474,0.00572706792120548,0.2237805991962,0.24535074899525
variant_2,0.243880160759956,5474,0.00580405015171472,0.232371209353307,0.255937157471684
